date,title,text,source,url,ticker,publisher,query,article_length,word_count,collection_date,finbert_label,finbert_score,finbert_sentiment,vader_compound,vader_label,textblob_polarity,textblob_label,date_only
2026-01-18 12:19:48,American Express Company $AXP Shares Acquired by Nations Financial Group Inc. IA ADV - MarketBeat,American Express Company $AXP Shares Acquired by Nations Financial Group Inc. IA ADV&nbsp;&nbsp;MarketBeat,Google News,https://news.google.com/rss/articles/CBMi2wFBVV95cUxOc0RtWnVJa2lEMFRJSXZRbVkwV1FIakpuNjBqUlE4c0dES2dIR3BxWENCd1NzdkQtZjhLRUpJY0ZzUDdFNHFVSnNxQmw5RE90aVpkcU1LWXFSNjN3S2doNlZUVmRxNVdGZjA0MndFVlVxN0dMX1gxQ3I0RmludTA2WWMwd3FtMWNzcXNGaVh6bVc3VnlzUlZjWHpyN2ZBM2MwNnY0eWc0QWVCRDNPQ2RWY1lpc3BiUElpYzlYVDltRi0tbi1tdlBHaHBwYm45OXNCdHdOYTRpd013eDQ?oc=5,AXP,,AXP stock news,106,13,2026-01-18 18:10:41.105671,positive,0.296,0.296,0.296,positive,0.0,neutral,2026-01-18
2026-01-18 12:15:12,Apple stock price slips to $255 ahead of a holiday-shortened week — AAPL earnings are the next test - TechStock²,Apple stock price slips to $255 ahead of a holiday-shortened week — AAPL earnings are the next test&nbsp;&nbsp;TechStock²,Google News,https://news.google.com/rss/articles/CBMiuAFBVV95cUxQODJZMVExWFJXSFpxWUN3S3ZBQ0VyeUVFVncxVHBweEhyRjVHemxUcmIxWEdIX3RmWDZRWnVaZW4yTThpdklMT3BVUUlEVUtIZGZOeUJyMWRGSk9rQVNwNTNmLTQ0elQ2MHp4ZV9uaWMxVUpKNVhvNUdYYlhzUEZWdFVWTlBOTFNFYnBybG83RFJscG1RTVBNeDZzaDVsY1dhR25paXlVSW43OVRCT01MTERNZHRzbk5F?oc=5,AAPL,,AAPL stock news,121,18,2026-01-18 18:10:41.105671,neutral,0.0,0.0,0.0,neutral,0.0,neutral,2026-01-18
2026-01-18 12:00:26,Amgen Inc. (NASDAQ:AMGN) is largely controlled by institutional shareholders who own 80% of the company - Yahoo Finance,Amgen Inc. (NASDAQ:AMGN) is largely controlled by institutional shareholders who own 80% of the company&nbsp;&nbsp;Yahoo Finance,Google News,https://news.google.com/rss/articles/CBMigAFBVV95cUxPVkp3RkpfNks1WVRSOXRfRXZ1X0QtdFU0c1k1NktZbmUwU1RGZE1rZXhDMXJqVURhaURmcGpnV0YwTjRJczY0Q0luRE5uSWJJR3M1YzBLNWhKbGxXUHppWDY5QkE4OVZJRjI3al9ZaXhGWnpfNUFHOXU0eThPOEQ1dQ?oc=5,AMGN,,AMGN stock news,128,16,2026-01-18 18:10:41.105671,neutral,0.0,0.0,0.0,neutral,0.40714285714285714,positive,2026-01-18
2026-01-18 11:43:58,BAC Stock Gains On Bullish Q4 Print Guides For Mid-Single Digit NII Growth In FY26 - Menafn,BAC Stock Gains On Bullish Q4 Print Guides For Mid-Single Digit NII Growth In FY26&nbsp;&nbsp;Menafn,Google News,https://news.google.com/rss/articles/CBMisgFBVV95cUxQcmhhU3d4cE9tb21hLUlBMktzdVdpZ25SZlNaUlZWbG5HSmN0Y3ZMcEdzZ19zQjdTbmVZenFWb2dOZHFkNlZrRU1nbDNIb3Y4TmxoRjk3UmU0ZXJ4cTlUdmFpYTgteWEwWDNUUnhQT2licm5hTEw4VmdGWE9raFBhUEhROWY2WlNJNTk2bGFJMUtWZThNVkVNYkhSbkZFUG5oUUdwemY2NmtLQ2hoNFowZHFB?oc=5,BAC,,BAC stock news,100,15,2026-01-18 18:10:41.105671,positive,0.6124,0.6124,0.6124,positive,0.0,neutral,2026-01-18
2026-01-18 11:26:14,Strong Analyst Confidence in Alibaba Group Holding (BABA) Amid AI and Cloud Momentum - Finviz,Strong Analyst Confidence in Alibaba Group Holding (BABA) Amid AI and Cloud Momentum&nbsp;&nbsp;Finviz,Google News,https://news.google.com/rss/articles/CBMiswFBVV95cUxNNDJaZFJNNGQ1X2hWY0dyZTdfZnJFMmxfcFUtbkU3ck0zUmtReHcwRWRnTW9yd2RpMVpZVkpmYjVwNHdTZmdKT3dNc2x1bkpscFI3TkVxNGZqWl9SSlBPY2Ytem5QRzVkRGVKd3Z0QTFna0JkSlB3a1pqNWtpLXZheERybW0xb0h1MEtaeU5GUGp2NWF4Z1J4MG9JVC00TldxTUZaS2hvZkUyM29LcF9jbWd0TQ?oc=5,BABA,,BABA stock news,102,13,2026-01-18 18:10:41.105671,positive,0.765,0.765,0.765,positive,0.43333333333333335,positive,2026-01-18
2026-01-18 06:02:38,Abbott Laboratories (ABT) Positioned to Benefit as Healthcare Sector Enters Recovery Phase - Finviz,Abbott Laboratories (ABT) Positioned to Benefit as Healthcare Sector Enters Recovery Phase&nbsp;&nbsp;Finviz,Google News,https://news.google.com/rss/articles/CBMiuwFBVV95cUxNc0ZQV2ZYMklYcWdaY2hTUThWejR1U181U3YwUEJiM3Y0cjJqUExLZmlySlVrTHY1QjZ0SHpjUFVNRnNRa3JuSkptRlJ0UUdkVnJvV2JHSGlUbVNHQ2lJYWFZcFhINEhXUFZpQkIzOU5HQ2YwTnVWZUNsbmhsNV9paFhjeWxaWHV6eDRQSDdXWHB4N01INi16MDF3UXc4dTFCWkt2Nll5WHZna0ptaWN6YTRlTTFROE1hYlI0?oc=5,ABT,,ABT stock news,108,12,2026-01-18 18:10:41.105671,positive,0.4588,0.4588,0.4588,positive,0.0,neutral,2026-01-18
2026-01-17 23:07:57,AMD stock price rises into long weekend as $311 million data-center lease puts AI demand in focus - TechStock²,AMD stock price rises into long weekend as $311 million data-center lease puts AI demand in focus&nbsp;&nbsp;TechStock²,Google News,https://news.google.com/rss/articles/CBMiuAFBVV95cUxOdVNKdlJuTWdEYndwQmlsaHlDT0I2Zk1BamdwRzNsaWZSNzZLUVRlSnVWTkdUMkVoenc1RjRZY0EyenJRNEd5UWxhS3cxZDY2d0h3WmdXWjJ6bVVXcXdiMkt0a2VVYWt6WERtRVR2dHBKaW5sQXR1ZHptYmg3T3dvYlUxbEhHMU41NndnSldvV3U2NFlFbFZQYk5mSFd3TDhmM054d1VMOC0wbENxMFRjQVVGZDlVaVFP?oc=5,AMD,,AMD stock news,119,17,2026-01-18 18:10:41.105671,negative,0.128,-0.128,-0.128,negative,-0.05,negative,2026-01-17
2026-01-17 20:35:31,American Express (AXP) stock price rises ahead of rate-cap week — what investors watch next - TechStock²,American Express (AXP) stock price rises ahead of rate-cap week — what investors watch next&nbsp;&nbsp;TechStock²,Google News,https://news.google.com/rss/articles/CBMirAFBVV95cUxOVkhvN2dBczM3UkZGYzdJSXBrUzJZNnJCcnhROWVWNWg2NGQwVnFpMmRoN3ZKaExTYndDd1ozRHotVVdKUGZkbEJKM2JzMDB6UDhRLXdjOUtKTXNiS1lPSEJEODBPbzA2Z09ibEZ2eWQ3SUphZTBSSF9fMlY3dWVkOU5udkV0ZXBaOER5N3BxX1pER3JqcF8tMnZQQk84TWRHUk4xdEFRMGZ5a004?oc=5,AXP,,AXP stock news,113,15,2026-01-18 18:10:41.105671,neutral,0.0,0.0,0.0,neutral,0.0,neutral,2026-01-17
2026-01-17 15:00:21,The Goldman Sachs Group Has Lowered Expectations for American Tower (NYSE:AMT) Stock Price - MarketBeat,The Goldman Sachs Group Has Lowered Expectations for American Tower (NYSE:AMT) Stock Price&nbsp;&nbsp;MarketBeat,Google News,https://news.google.com/rss/articles/CBMi2AFBVV95cUxONWRIbU8zWlEyNUZ0MnU4ak9XUHctWm52MHFRM2diQ3RBWlJDWTlWaS1SWDN2cnNTbURfaF9jYzBmSUgwelhNaFYteVN4eWo5OTZMWW1oTko1WE5zSGhHYmUxN090UWhCYzB3NENHOTVfbkp0VEE1enF5NlhvNG9BeGRpdk1fOGV5S2c5SS1nTUhnZFJDTWZBQXFLSDIzREtxLVRnb1BtN1hBOG1mQUpseWJxRndjSVNtSHRDREtnaTFZclZ4TWJsUWJsNGNjc1E2SmFQQnNXTTg?oc=5,AMT,,AMT stock news,112,13,2026-01-18 18:10:41.105671,negative,0.128,-0.128,-0.128,negative,0.0,neutral,2026-01-17
2026-01-17 14:02:00,Accenture Stock (ACN) Opinions on AI Revenue Surge and Digital Identity Partnership - Quiver Quantitative,Accenture Stock (ACN) Opinions on AI Revenue Surge and Digital Identity Partnership&nbsp;&nbsp;Quiver Quantitative,Google News,https://news.google.com/rss/articles/CBMivAFBVV95cUxOODJyWGpEYzNEcTJ4aWdEeFY3QXl5d2xHdDFLSkxhaGh2ZHNnNDYweS13ZW5Td09tUDB3di03N0x2bFQxNG9ZSkpKdXFpeU9LcjJPYWpQWXc2bEhrdExNYWw3VlFCbVhodWFMUHlhcFhKdm9XQy1pMWV1TkdnU3pSQ2R2UjMtRlZza1F1ajh4MWNZOHNlTE50ZzhhQ0haZGJ4RThnX1R4YVp0TURfSEduUkhHMmJRb2t2aTRXeQ?oc=5,ACN,,ACN stock news,114,13,2026-01-18 18:10:41.105671,neutral,0.0,0.0,0.0,neutral,0.0,neutral,2026-01-17
2026-01-17 11:44:57,Alibaba Group Holding Limited $BABA Shares Sold by Nations Financial Group Inc. IA ADV - MarketBeat,Alibaba Group Holding Limited $BABA Shares Sold by Nations Financial Group Inc. IA ADV&nbsp;&nbsp;MarketBeat,Google News,https://news.google.com/rss/articles/CBMi3gFBVV95cUxQY05zSVZYZXg4cFhLSFdVamdraDU0NTI3eHU1dWN1ZFF4VTh2ZXRTN3RXVUdBam1DTUlReGhmaHE2Y1hJbEtHODVHNDBZTHljZ1NON1V0blFGdGtsZmZpbmJoT0VBLTVOb0VDQ0ZTUUNZcmgtMXhMVW5ZQnpwZ29VaTgwSXVfVjJ1NlpGenBhaWZJWjV6cjJsLXFfc2FuX1lwVkdVX3RLbDVHb0hCSzZtbXNLUWpNZFA5TWp3UkFoSExJQVlDN0NtR1N5WkZSNGJIc25QY2RsVko5TkpNNkE?oc=5,BABA,,BABA stock news,108,14,2026-01-18 18:10:41.105671,positive,0.0772,0.0772,0.0772,positive,-0.03571428571428571,neutral,2026-01-17
2026-01-17 10:36:25,How to play BABA stock as Alibaba’s growth story gets a boost from the Chinese government - MSN,How to play BABA stock as Alibaba’s growth story gets a boost from the Chinese government&nbsp;&nbsp;MSN,Google News,https://news.google.com/rss/articles/CBMi1AFBVV95cUxPUTNXWUtHVy1WdmNlcV96MlZjTjR3MC1tbGs1VkIxMnZqclo2eVpUX0hMQTBaSWFMRHNHUTVKTzRYWG55MFppdXo1Wk1vb2IxeF9FX1VZc1JiWEJRNlZaLWlrNTh4NWVvQlVrSzhwTlA3VS1Pd2FIOVFnQVpDTzVweDJWRDgzQkN4ekdPRF94M3oybjFCQ3JTV0VJRl9jUUcxU2FVam1aM1hDWkgxbU56Rm8yczROcm1WQjAtNG5UUUE3ZFdPQ3RRZHhubS1RUzRtMzRUdA?oc=5,BABA,,BABA stock news,104,16,2026-01-18 18:10:41.105671,positive,0.7717,0.7717,0.7717,positive,0.0,neutral,2026-01-17
2026-01-17 09:01:41,Abbott Laboratories (NYSE:ABT) Stands Out as a Dependable Dividend Stock for Income Investors - Chartmill,Abbott Laboratories (NYSE:ABT) Stands Out as a Dependable Dividend Stock for Income Investors&nbsp;&nbsp;Chartmill,Google News,https://news.google.com/rss/articles/CBMi2AFBVV95cUxNWTl2Y1hyVWpjWkVWeDBoUkNhSXJJQUtPSnYzR1ZxcVcwY2g4X1pSZk9YX2lhZnEzY21lTkY4WElUMmlqZEY5RXlLbVR2QXVINk9MWVlxblNUZllpQWpPNlV1Q1gtWHIxby1wcWF1NVBzY3l1NmlkQlhsM1J4ejB4ZEVGS3MyeXJ1NWFlcXFJZXFwU2VUdW53S2JTOWMzcmUtcVJrS2tnLVp0ZlIyckZlcW40ZHFSUVo4NkRmdTFmcllNOXlNYW9rdWFqYzY1SHFEMjlCeDZWZDk?oc=5,ABT,,ABT stock news,114,13,2026-01-18 18:10:41.105671,neutral,0.0,0.0,0.0,neutral,0.0,neutral,2026-01-17
2026-01-16 22:00:00,Prediction: This Stock Will Join the $3 Trillion Club by the End of 2026. You're Going to Want to Buy It Now. - The Motley Fool,Prediction: This Stock Will Join the $3 Trillion Club by the End of 2026. You're Going to Want to Buy It Now.&nbsp;&nbsp;The Motley Fool,Google News,https://news.google.com/rss/articles/CBMimAFBVV95cUxPVk5fOEpiUFJrdENxQlZELWVHTFhDLWNTdEthTmhtRXVPdlJ0eEUxTGw4Qjg4TmdITnVSRld6MDRkc2lZeVVqNWRNTjJCbDg2TmFneVhLcGZ5N1lLMUNyVm4yTmptVHp6eWFUTUEtS0lvRVVvbXZkdHlQMGRVZXlVWWZyRUhIeGI0OFphSDVaQXIweU00aHhhTA?oc=5,AVGO,,AVGO stock news,136,24,2026-01-18 18:10:41.105671,negative,0.1027,-0.1027,-0.1027,negative,0.6,positive,2026-01-16
2026-01-16 21:21:00,"Lobbying Update: $60,000 of AMGEN INC. FKA HORIZON THERAPEUTICS USA INC. lobbying was just disclosed - Quiver Quantitative","Lobbying Update: $60,000 of AMGEN INC. FKA HORIZON THERAPEUTICS USA INC. lobbying was just disclosed&nbsp;&nbsp;Quiver Quantitative",Google News,https://news.google.com/rss/articles/CBMi1gFBVV95cUxOeklOYkFwUnpZeU54akdUQk92MW9nMHpFSENKYU9yLTRtSkxzWlV0cHpOTkduYm9FcnBfcWpSUkxNdzAtQTRKNDU4a2ZQRnpmaHBBYW1QZ2dCTkVEYTZyeVBvQVNpUDlQYXowT19RbFhYM3NSbndFb0NlVVZDV1YxLTk5aDZSVXZFWEVBQ0RkWVhJWUQ4eWJRSndfNGJzRW5tRW1Cd0dsc0czRzQtVldjYXpJTHprVnN1anRSYy00QXdjanN5QWh5MW9jR1VPMV9Xb2VVdGVn?oc=5,AMGN,,AMGN stock news,131,16,2026-01-18 18:10:41.105671,negative,0.1531,-0.1531,-0.1531,negative,0.0,neutral,2026-01-16
2026-01-16 18:24:17,What Is Going On With AMD Stock On Friday? - Advanced Micro Devices (NASDAQ:AMD) - Benzinga,What Is Going On With AMD Stock On Friday? - Advanced Micro Devices (NASDAQ:AMD)&nbsp;&nbsp;Benzinga,Google News,https://news.google.com/rss/articles/CBMi0AFBVV95cUxObnl4YThIUnFDNkVmNm9naDJEcHBfOFEzMjRKb0VpLTJZeHVrZ05RSThVVlBLNW5XYWFmQ2NoaXJPalZNdlBxTWFfRThva0E1RTh6RjVTYURUY3llSEowRkFJaERqbEVCbTJXcTRselJFVHJPVGVPOHVTZ0p6Q0J6UmRPWlVoR2Jqa0xSMmlYNnlqREc2S2dtNUlnbl91RWhYWXZYeE9ja0RJN1A0NmdrQkktTGdCOGVPVVJCWWdESThiU1FzbGd3alpfMDA1eF9i?oc=5,AMD,,AMD stock news,100,14,2026-01-18 18:10:41.105671,positive,0.25,0.25,0.25,positive,0.4,positive,2026-01-16
2026-01-16 15:32:22,Wells Fargo Upgrades Broadcom Stock as New AI Catalysts Create Buying Opportunity - TIKR.com,Wells Fargo Upgrades Broadcom Stock as New AI Catalysts Create Buying Opportunity&nbsp;&nbsp;TIKR.com,Google News,https://news.google.com/rss/articles/CBMijwFBVV95cUxOc0JOMlhLSlFDOEQ3Qm9NUDNtS3h0UEVsOGRsbUd1azFnQWFDSnZFYjJXN0trMzZQUkRVeS16RlFXREJWNkxHamM2Y21YSG9xR2lsUXFuQ053UFBoSmFDRS1ubjRHejhwdTFLN1JmM0g2UTRJNVZEd2RvOUFoam9aWGRZWS1sTmtyY05scmwtZw?oc=5,AVGO,,AVGO stock news,101,12,2026-01-18 18:10:41.105671,positive,0.4767,0.4767,0.4767,positive,0.13636363636363635,positive,2026-01-16
2026-01-16 14:00:06,Here is What to Know Beyond Why Alibaba Group Holding Limited (BABA) is a Trending Stock - Yahoo Finance,Here is What to Know Beyond Why Alibaba Group Holding Limited (BABA) is a Trending Stock&nbsp;&nbsp;Yahoo Finance,Google News,https://news.google.com/rss/articles/CBMigAFBVV95cUxOV0lMbncxaGd2UHZhbVlLaV9fWUJmNWlvdWdHcDlrTW5ieExDUE1FZy1zZlh0eWthTXhpU1psTWc3bzVoMG9iQW1KU1F3RVV5dUo1eHZsNVFvUVhJZXV6Zk1NcG5wV0tWR2NZck9Cbmk0MlY0ckdVUmVZeU94MXc2RQ?oc=5,BABA,,BABA stock news,113,17,2026-01-18 18:10:41.105671,negative,0.2263,-0.2263,-0.2263,negative,-0.07142857142857142,negative,2026-01-16
2026-01-16 13:47:00,Fund Update: New $84.6M $ABT stock position opened by Compagnie Lombard Odier SCmA - Quiver Quantitative,Fund Update: New $84.6M $ABT stock position opened by Compagnie Lombard Odier SCmA&nbsp;&nbsp;Quiver Quantitative,Google News,https://news.google.com/rss/articles/CBMivgFBVV95cUxPelBwQnhHaDZvZjZIcXBld3h3SWtQR0JqRFE2bWZ0VENyaGRuV3g2blotQmVoeTl0NExpNHJFanFtc3ZmWGx2Q1J6MVBMOWRuSXN4Snl6RGRuUXJzM2lXN2pQeXFpclJxUmg2WVlVSDE5eHZDTkRod3BuNHhQREpOejhadXMwUlE0UGp6anp3VG1KQUY2NGh5QXlueWNEMVBCbExXTUNoa3hOSElHWGtaWUZTeW5jZ3BSX0ZqN1NB?oc=5,ABT,,ABT stock news,113,14,2026-01-18 18:10:41.105671,neutral,0.0,0.0,0.0,neutral,0.13636363636363635,positive,2026-01-16
2026-01-16 13:41:00,Do Options Traders Know Something About APA Stock We Don't? - TradingView — Track All Markets,Do Options Traders Know Something About APA Stock We Don't?&nbsp;&nbsp;TradingView — Track All Markets,Google News,https://news.google.com/rss/articles/CBMitAFBVV95cUxQcXltLVlJYlpXUXFCRkFOYkhQNE5qMGRpYXdDbi1zQ2RDZmhqN0I0WEI2eVlrNE54c0VmVXBXcEFGTkNZZHlCMFhoMTlRRmxocWp4ak1hbjZRY0FfZEg0c2dVcUJEdHR4dFhnSFFFZi1ZUVNRZHpoRExyNFpLU0hza3VEb08xOHpYZTVyX2FXTEtTeUNTa1ZmWDNkZDYxdXRxQzQtWURPckhEeEpzblkweGNJZE8?oc=5,APA,,APA stock news,102,14,2026-01-18 18:10:41.105671,neutral,0.0,0.0,0.0,neutral,0.0,neutral,2026-01-16
2026-01-16 11:43:35,TSMC Budget Boosts ASML Stock: Why Morgan Stanley Analysts Target 70% Gains by 2027 - TipRanks,TSMC Budget Boosts ASML Stock: Why Morgan Stanley Analysts Target 70% Gains by 2027&nbsp;&nbsp;TipRanks,Google News,https://news.google.com/rss/articles/CBMisAFBVV95cUxQLTRZbjJjcEp4eV9XdEg3V29jUF9Oc043WTFjbGIyRWJsU0VZQ3RiU3pMazNXYVNjbVVtcXo2bkFTekp5WGh1WmVuZkJRdm9BTG8tQkNsZU50bUtkTDZIRlpfbldsWUFwclRmNE50T09GNFBhM2haUzR5Wm5ZVmwwbkk5anJGdy1JeEFMZlpJeENiRjdlSGhDM2RYSU0yMFBxMjhTZlRUaDJtdnpzLUlveA?oc=5,ASML,,ASML stock news,103,14,2026-01-18 18:10:41.105671,positive,0.5719,0.5719,0.5719,positive,0.0,neutral,2026-01-16
2026-01-16 10:09:54,Alibaba (BABA) Stock: Wall Street Backs AI Agent Strategy as Qwen App Gains Traction - CoinCentral,Alibaba (BABA) Stock: Wall Street Backs AI Agent Strategy as Qwen App Gains Traction&nbsp;&nbsp;CoinCentral,Google News,https://news.google.com/rss/articles/CBMiqgFBVV95cUxONGljMEtzWWIxenFXYVRSQ0QxQXM0Uy1XTi1CcUZrcWhMMjZWN29YblN3cnBiYmhJdEdyZzB1M3FYVWVGQWp0OWxpazNBbGJrVm1ERXJnTDRnTjJtTklFbTRmRTZWYVQ1TjdxeWJhd0hsbmItTWdMMldZdmh4VTVfbXNqUTBNRU80bmgxbkR6V3VadmpEWlltemhGS1JraXNWM1ZNNnh1VTYtUQ?oc=5,BABA,,BABA stock news,107,14,2026-01-18 18:10:41.105671,positive,0.296,0.296,0.296,positive,0.0,neutral,2026-01-16
2026-01-16 08:16:09,Absolute Software Co. (ABT.TO) (TSE:ABT) Stock Crosses Above Two Hundred Day Moving Average - Here's Why - MarketBeat,Absolute Software Co. (ABT.TO) (TSE:ABT) Stock Crosses Above Two Hundred Day Moving Average - Here's Why&nbsp;&nbsp;MarketBeat,Google News,https://news.google.com/rss/articles/CBMi4gFBVV95cUxONmlKaGZYWGxlTS1RLS1KRkNMRnoxa2ZBQXJJcjJtaVI0TTZuVTk2UDlsWUNscXJCVXdJSTQ2N1B5VVZKXzhucXZCVmNyc0tSNGxfaHh3dzRKQ2w3bEVoNkhYZlFKUGNqRFplR2ZqM1ZFWEVHb0dxeF9jcF9SWTE0SDBDT1p2R0JqQjdxX1VzRzBXcjRhOWo0ZFhDNHhfemlZd0J5aUl2dVZ4TjhoNHJiWnJrSXRWY0tqM3p4SFo3UjE1dlJpT1BGV0s5VnRCeExfaTg5U2lkZG41dWRDV2M5UmNB?oc=5,ABT,,ABT stock news,126,16,2026-01-18 18:10:41.105671,neutral,0.0,0.0,0.0,neutral,0.016666666666666673,neutral,2026-01-16
2026-01-16 06:29:29,BA stock is surging: Is Boeing finally figuring it out or is the market too optimistic? - investingLive,BA stock is surging: Is Boeing finally figuring it out or is the market too optimistic?&nbsp;&nbsp;investingLive,Google News,https://news.google.com/rss/articles/CBMixwFBVV95cUxNMjJfdHdFbWNSRFk3aGJ0dlRBWkQyakttV1FCWEdRbGZ3RS1PMVhiZlRURUwyclE4ZE55S3I2bVdzbUVWTHh1c2wyY3RrV3dkMERZek9PTWJGMGY0X0I0Wm9aOU43R2FTbm0yNGN6UzZmY3R0VE1GWnU4Y3d0TTA1eEZGS0JIYzIwa1d2cDFaX0E0LWpTNkdicVZXc2c5MmhxRElkcTNuNTJJTEtVV0RQQjNWakIwNFV4TUtuQ3o0akJFd2FuQUFr0gHMAUFVX3lxTE9zMDNhajNQTk85SnBtSjdzWWg4bjlZd2xiYmVCVVY3QXdCeHBfdXdPLUM5Uklkc253TEFCZzVEbFM2TUpmRENPUlN0cnRFOTBtbmV0TF9kZzN3YjZOWng4Zk1Dem56MXRmbjdUTUZuZ0xsajQ3VjlCZFo3NVJtYlhYTDRvR0VlbFAtY3ZxOEhUSEloVlVSOThvYnBNOWJnWTF6TGZsY0FLZC02REhkYVBZazdrTnZJcjBobTRDT3RfdXJfbF9TdEQ3d29TZw?oc=5,BA,,BA stock news,112,16,2026-01-18 18:10:41.105671,neutral,0.0,0.0,0.0,neutral,0.0,neutral,2026-01-16
2026-01-16 00:58:45,Is It Time To Reassess Alibaba (BABA) After Its 111% One Year Share Price Surge - simplywall.st,Is It Time To Reassess Alibaba (BABA) After Its 111% One Year Share Price Surge&nbsp;&nbsp;simplywall.st,Google News,https://news.google.com/rss/articles/CBMi0gFBVV95cUxPVVJPcE5mQ1FwdWthQ05Ya1BKdnZPMjBhWGY4RGRxNS1CWHJORjJ0QkxZWXdXNGVfN01Vb3lKMkNyc0lYZ0dXTEtQSVVuVGtaNS1KM1FNekNRVktVWjRhcFJDUzFLcllNb1otbE1HX180SlVaYlRpUWdlTEYxVEdtX095TVEzQTJhaG5iU0dQdEFVWFRUN1pLaWdZSDZIcnNlZnFrYlJvZ0J4WVJSVGs4NVJPWEI4ZUg0cENrRVp3c0xFa3ZWazFNcEdIVGdPR0ljdVHSAdcBQVVfeXFMUG5wNE9LZnc3bkNJd25rbUZnWnMxVkU2VU1rVWlEeDU0YUF1eVROMjZGb0NxUkxhLTFBb3NXLWhIS08xUWFRQURwQXFISGZFWHZONG5SWFljcU1Ec2ZWdzg2ek1QU1JFRURCekhqTXhlaWY1aXBlSFN1NHA0VnVudFU4Zml6bFEtckR2R3NKNF94djh6SnB2THFEeEpKZWlGdjJCY1VLdkUtaGE3NGZVRjY1elZTbndQVVVEYk1QcGVPcC1FUWpGUDBNZTJhdG1nekVXX0NiZ0k?oc=5,BABA,,BABA stock news,104,15,2026-01-18 18:10:41.105671,positive,0.296,0.296,0.296,positive,0.0,neutral,2026-01-16
2026-01-15 22:53:00,Dow Gets A Boost From Revitalized AI Trade; AMD Stock Hits A Buy Point - Investor's Business Daily,Dow Gets A Boost From Revitalized AI Trade; AMD Stock Hits A Buy Point&nbsp;&nbsp;Investor's Business Daily,Google News,https://news.google.com/rss/articles/CBMijwFBVV95cUxPTlpfYWdNTmRHYVo4R1NnMk1acWFiVEoyQktjbm00Q1FySy1RbTJuMTI3ZFhrekx5RUFUejh2V3JreUpVWks5SWplSXNGN1dSUUdZMTZMMlN3LUl2NWV2ZHhfODZoclRPWGJtUW9pcjNoakh3c2duOS10Z1R2NGtaWTFDclJHOU9LNlI1SXdRcw?oc=5,AMD,,AMD stock news,107,16,2026-01-18 18:10:41.105671,positive,0.4019,0.4019,0.4019,positive,0.0,neutral,2026-01-15
2026-01-15 17:40:17,AMD Stock Jumps -- Wells Fargo Names It Top 2026 Pick - Yahoo Finance,"AMD Stock Jumps -- Wells Fargo Names It Top 2026 Pick&nbsp;&nbsp;Yahoo FinanceAMD, IBD Stock Of The Day, Jumps Into Buy Area On TSMC Results&nbsp;&nbsp;Investor's Business DailyAMD stock remains Wells Fargo’s top pick for 2026 on AI potential&nbsp;&nbsp;Investing.com",Google News,https://news.google.com/rss/articles/CBMifkFVX3lxTE1FSXQ3NWNIbFlYaVlTVHE0cmxpa3lBcDZyTTV2VlMzMko2VHktUF8ySlU5SVBxYTBjS09TM29mX2swTU0zdjZmRk85TzAtdENBbldGV3ZReW5INHgxZUFSTjFPSjg0dHFSd0w3akl2N3NCNndCQnMwbFV4VmVVdw?oc=5,AMD,,AMD stock news,267,37,2026-01-18 18:10:41.105671,positive,0.6808,0.6808,0.6808,positive,0.5,positive,2026-01-15
2026-01-15 16:55:56,Dividend King Abbott Shows Why 52 Consecutive Increases Weren't Luck With Strong Cash Flow Coverage - 24/7 Wall St.,Dividend King Abbott Shows Why 52 Consecutive Increases Weren't Luck With Strong Cash Flow Coverage&nbsp;&nbsp;24/7 Wall St.,Google News,https://news.google.com/rss/articles/CBMi2gFBVV95cUxNcThYVmFzVjloR3NHTS1EUy1YS0xqejczaERfMGd2Z3ZMZ1o3QXM1NDluQ1Z1eFM4MHVlem1zYm94OVo2dmlDckVFV0p5UmwwSDJ6YkV3RkNiQ1V0VUJTRXBzNDlZRTAxZG9fcklmTUhhby1RMUhXR0FDVDRSVlB5MzRpWmpSMWUxRWg2WkJZUTduWGxqeThGWmlBZ0lCcUVwX2tFb0swQWNwVXB6bFQtUi1ySE9UNlVqZTVOQzRsenBzY2tPRHIwRm95VjYwR1gxME53cWk2U3hkQQ?oc=5,ABT,,ABT stock news,124,17,2026-01-18 18:10:41.105671,negative,0.6348,-0.6348,-0.6348,negative,0.43333333333333335,positive,2026-01-15
2026-01-15 16:00:00,CoreSite Chicago Data Center Campus Now Offers AWS Native 400G Direct Connect for Enhanced Cloud and AI Performance - Stock Titan,CoreSite Chicago Data Center Campus Now Offers AWS Native 400G Direct Connect for Enhanced Cloud and AI Performance&nbsp;&nbsp;Stock Titan,Google News,https://news.google.com/rss/articles/CBMiuAFBVV95cUxNODJicU01Z1REN3J3WDNxaEZZVmhibmJGWXpHYzdxdkp0S2FkV2VvZ2tRSnlEYUtXZE1TcklURkdEeGMtcEdLSXpYMXBPSmhVU2w4NXN2a2NBd09qU0VfY2JTRzJKLUlGSmFHX0lIbGNLTG4waEtmcVc0MnhlS0NKMXJYSVR3X1FXbHAtWGNXenYyNC1IZW1PcUItRmR2WjZwUU5WVG5CTjVXbnB6ZE1SeXU0U3lfWjBN?oc=5,AMT,,AMT stock news,138,19,2026-01-18 18:10:41.105671,neutral,0.0,0.0,0.0,neutral,0.03333333333333333,neutral,2026-01-15
2026-01-15 15:49:58,"Amazon threatens 'drastic' action after Saks bankruptcy, says $475M stake is now worthless - CNBC","Amazon threatens 'drastic' action after Saks bankruptcy, says $475M stake is now worthless&nbsp;&nbsp;CNBC",Google News,https://news.google.com/rss/articles/CBMimgFBVV95cUxQTVJZQjdQNDdoVTFab1lmMHJwenlUeHdQZVZtLWcybnFiZTdoX3E1bVl4Nm5EaHFaYWRCOEdPb3ZGVEJldng1ZGFNQV94czk4a2pEX181MFVQVDlRdXFMd1RDV2x5Y1VuX2VIcXBFSm1ZM2hmeEtHZlhtY0t5RlhrWU5RZ1pyZmVOV2NsNGZLRmlmaVRvMTJ1VGVB0gGfAUFVX3lxTFBQNjd4QWZhMURxcEtTWno0eG95WkpDM3dhRm5SLXlxa1pzS1ZDUTY1dE9LcXE3Sk43a2llNF9Sd2w2a3NCdXFmajFpTEdPSHp3bEhlN2MyNDMtbXdDMG40dE94dFF6SHJ2dklZbk9nS1RmUDJZa0tUVmFGeUZZaWpaS21jellZWkVJemxCRVVXaHZ5bXlxSW9JSm40c0c1TQ?oc=5,AMZN,,AMZN stock news,106,13,2026-01-18 18:10:41.105671,negative,0.2263,-0.2263,-0.2263,negative,0.1,positive,2026-01-15
2026-01-15 14:08:00,Broadcom Inc. Stock (AVGO) Opinions on Recent Price Drop and Geopolitical Concerns - Quiver Quantitative,Broadcom Inc. Stock (AVGO) Opinions on Recent Price Drop and Geopolitical Concerns&nbsp;&nbsp;Quiver Quantitative,Google News,https://news.google.com/rss/articles/CBMiuwFBVV95cUxOcnJhdFV2Vm9ETlktM3dDNFdXcUNUT3AzaEw3RzQzTEl0ODlldUZ4NW51QU1aWUM2eUJNOUFlM1gzalQ3ZUE5bzlTX1hZbXU2b3ZnSnlQbjg3RlIxbTZTRjdnWEJUSERsWndrZ0NraGdyRnp0cHhKSFVHcFN5OUtfdHdJNkIxNXlrMUV6c0dsLVpLbnFqYW9lVW95TmVkejJOdUR6T0JMZ2d1ZjdoRTh6SE03T2JqTEVWR213?oc=5,AVGO,,AVGO stock news,113,13,2026-01-18 18:10:41.105671,negative,0.2732,-0.2732,-0.2732,negative,0.0,neutral,2026-01-15
2026-01-15 12:32:53,"Stocks making the biggest moves premarket: Taiwan Semiconductor, ASML, BlackRock and more - CNBC","Stocks making the biggest moves premarket: Taiwan Semiconductor, ASML, BlackRock and more&nbsp;&nbsp;CNBC",Google News,https://news.google.com/rss/articles/CBMilgFBVV95cUxPUnVGZGpmZGdGWHhOQjV4aGdLSF9LbVpjWjdoa3BBUHN4WHNKejRHUmI2Q1pBSnVjVV9XNVI1ZkVxQ3JfZEhJRGhLVEFTWlhqbGpFZG1HT0k0aEhZbUFHZXcyc3pEU0hCeUJOb1VZYlpOdTBSR2R6R21aNGNkaDV4b002UzlUY0pXWEFldHNKVkRvaHhjZ2c?oc=5,ASML,,ASML stock news,105,12,2026-01-18 18:10:41.105671,neutral,0.0,0.0,0.0,neutral,0.0,neutral,2026-01-15
2026-01-15 11:59:00,Accenture Named a Leader in Gartner  Magic Quadrant  for Digital Technology and Business Consulting Services - Stock Titan,Accenture Named a Leader in Gartner  Magic Quadrant  for Digital Technology and Business Consulting Services&nbsp;&nbsp;Stock Titan,Google News,https://news.google.com/rss/articles/CBMiuwFBVV95cUxNb20zaVh5M280WnUwNlM4Ym1LQmJLTGFOSl9BU21aRkxubXdRMDRveVlIR2RrNF9KUy1qd0FMUmhzRGtneWtjUkNfaDFSM1VNZC0yMVp5ZF9neHVOY2FhZjh5Ml81QVFzT19pWlhOaGx4cTBFT3J0Wm5jX3VFRFp0QlEzamhyNkVkY2U0RmFZcnlzUEo1V0tUWE5ic0ZST2IwOE9xUGpxYkE3alBOZzNIa3pxNmJLdnY4eGM0?oc=5,ACN,,ACN stock news,131,16,2026-01-18 18:10:41.105671,neutral,0.0,0.0,0.0,neutral,0.25,positive,2026-01-15
2026-01-15 09:35:43,Boeing (BA) Stock: Bernstein Names Aerospace Giant Top Pick for 2026 Recovery - CoinCentral,Boeing (BA) Stock: Bernstein Names Aerospace Giant Top Pick for 2026 Recovery&nbsp;&nbsp;CoinCentral,Google News,https://news.google.com/rss/articles/CBMioAFBVV95cUxOUm5fSU9GQ2dnUTZMMEN4SEhad1pVa19WV2Z6TjVjSzBjd1U2TGxrbUZ2dmlfVS14ZzVNTDQ5bFZLX1BDU2F5clZXSlpBb2dMc0k3LXRmWnJKMGJBcjUyTE1sM0FzVVNrd0dBRWJsYXQ3TVJpTlVQTVpWeE93SlRGREtKcjZTa3BJYUZEb2d0ei1qY2pnSnQ3dTV2bzllQnUx?oc=5,BA,,BA stock news,100,12,2026-01-18 18:10:41.105671,positive,0.2023,0.2023,0.2023,positive,0.25,positive,2026-01-15
2026-01-14 21:22:00,"Bank of America, Wells Fargo Slip, Citi Pops On Bank Earnings Day 2 - Investor's Business Daily","Bank of America, Wells Fargo Slip, Citi Pops On Bank Earnings Day 2&nbsp;&nbsp;Investor's Business Daily",Google News,https://news.google.com/rss/articles/CBMingFBVV95cUxPVV8wSDF0R1p1Uzl1T2xSZ0ljRS1pekk3eXRiQTh1TUNyVXpzLVdubUFCdlhNbGRJMmgyR2JHRC0zbTVkLXgwWjVvT2tZbW5lQWNqX3VNWDAtd0Z6QXFOTFNzYzVXWVdTNGg3UG43R3E3SWctNms5TWFqLTE5ci1pUXkyY1MtbWxLbmoySUc1aVI0Q2dXZENDYXNTOWhqdw?oc=5,BAC,,BAC stock news,104,15,2026-01-18 18:10:41.105671,positive,0.25,0.25,0.25,positive,0.0,neutral,2026-01-14
2026-01-14 18:22:30,BAC Stock Gains On Bullish Q4 Print – Guides For Mid-Single Digit NII Growth In FY26 - Stocktwits,BAC Stock Gains On Bullish Q4 Print – Guides For Mid-Single Digit NII Growth In FY26&nbsp;&nbsp;Stocktwits,Google News,https://news.google.com/rss/articles/CBMinAFBVV95cUxQODNUc0JnaW5TNTFjZmFaNWdsOWwzdl9YRHpxbVllT0V6WkpZMmZhXzJYaWtNVWdybUItTFFJeEZnTGxiSTR1bVlGTlJjUUJYM0oySGptUGM2Q2tUR0V4Qko2QzBtYldyeHdIdXhJRjdyNnZTTDJ0Rnd6aGpjTXRoQlQ3SFJnc2hKUHFhb0lhazM1SXNzRF9TRVlTdms?oc=5,BAC,,BAC stock news,106,16,2026-01-18 18:10:41.105671,positive,0.6124,0.6124,0.6124,positive,0.0,neutral,2026-01-14
2026-01-14 17:47:36,AVGO Stock Dives as Insider Selling and China Risks Revive Broadcom Valuation Fears - FXLeaders,AVGO Stock Dives as Insider Selling and China Risks Revive Broadcom Valuation Fears&nbsp;&nbsp;FXLeaders,Google News,https://news.google.com/rss/articles/CBMixAFBVV95cUxNLWF2U0VVRnM4SE5pT2ZwYXNmOG1BUmFJZXg1akFucE5aR2ZKaEZZNVQyWWYtNGlYYVlhaHFTN2YwSUxPSThxYnQ4YVFJbjV1V0EwRU9ialNYTDhYNW5oZlNVbjZYQkJBNnpXa2xZNlppUnZxXzl5RE9VakRFekdEN2h4SHBEcGRPZDRrSS1mQjdTWGlkeXpYd2Jac29oWmFSNWR4ekZURUlKbkpwNU5pSHZ3TWJMV2FFR0dIa0kwN0JFRVpp?oc=5,AVGO,,AVGO stock news,104,13,2026-01-18 18:10:41.105671,positive,0.0772,0.0772,0.0772,positive,0.0,neutral,2026-01-14
2026-01-14 17:21:08,Broadcom CEO Hock Tan Just Sold $24 Million Worth of AVGO Stock. Should You Dump Shares Too? - Barchart.com,Broadcom CEO Hock Tan Just Sold $24 Million Worth of AVGO Stock. Should You Dump Shares Too?&nbsp;&nbsp;Barchart.com,Google News,https://news.google.com/rss/articles/CBMizwFBVV95cUxQWGFJWmVFT2V0bm0zOUZYMGtKN3FFc0xXWUp1ZXNDSTVGVGNTMFJoUmhhUDVlbV90ZDJ6SGJHYzU1TWNhTGJZcm8wR2JRbG54TU1sWnBQa1RhbFN4dWg0alJEZ1NhaHRIazdzY0xqV2p4SnVlVExGWkY5S1ZGbUJ6NTQtd1dTelpXWWpOSXJ1UFlDZXB5NWZNam8zR0FtRXFIWnVzWHZIQk9sd01xZ2VYdU82eEdVaGJUa2FYcUpkU3FUd3ltcGs5aGZ4TEx3WHM?oc=5,AVGO,,AVGO stock news,116,17,2026-01-18 18:10:41.105671,positive,0.128,0.128,0.128,positive,0.3,positive,2026-01-14
2026-01-14 15:38:51,BAC stock today falls despite Bank of America beating Q4 earnings estimates: What investors are worried ab - The Economic Times,BAC stock today falls despite Bank of America beating Q4 earnings estimates: What investors are worried ab&nbsp;&nbsp;The Economic Times,Google News,https://news.google.com/rss/articles/CBMikgJBVV95cUxOazBwRGlYN0h3ZFlyYy1iMUlCS0syRmdyQ0hvYzNpaUJOaFBENUFVN0FQVG96aHZzaWRYb0poQWlVSlBJRUgyY0lZUENaN3pocHRZT1VoRV9FYzlza2NWMkxKVEtrUk9DMFN3VUQ2ZEUwYzVhMG9YaEJxQWx3UU5PNWNxRnNEdzVoeTRwTWFjb245YWZIMlBsdXBtRE1fREJhSXQwVDBhbVhxVDZLRG0zQ2tzZGVHYmxsRC1USl9FMm4yVExkUHVzVlZXQWdzVTliZ1lCZ2xKdFZwQ0tkRHN2REVYemQ1aHNGUXhMRTZ4cUhtZWE4Q3FySXJ3eEdnY1lQQmFGUnVsdHEtcVBReFhKYkx30gGXAkFVX3lxTE5laVlLUWdCdVZ3V0lsWFpkaHhGNTR3NURDaDRwMmlzdTZRS19LMDdKYVlFNkw1dzZMczZ0T2tNLXBGN1RxMXZmZXFhVXBteHRQalhvaUo5d1dvSVJLS2FtaVhMNTNHOWlZdEVwV0VHazdzbXV3aW5MMGQtYWdwdVFwbTFiT0w2YzF5N0xST0VYZFBSNHJzdWpZWUZaWUtGT2c1RGphWEprOFY2YTdnZ09BVUxocGNXakJRQUJpQzNlUUUzeHIwcWhuYlhlMnplZDl6eHJPOTNlTWxncWx2cnIwRWhTRnlHT3JaUURSX3hJVFN2SllpQ2hNYnBpTWlUZU96M195cVBLN2ZNakFmWlBwVmtrVWdSdw?oc=5,BAC,,BAC stock news,136,19,2026-01-18 18:10:41.105671,negative,0.6369,-0.6369,-0.6369,negative,0.2,positive,2026-01-14
2026-01-14 14:00:03,Accenture PLC (ACN) is Attracting Investor Attention: Here is What You Should Know - Yahoo Finance,Accenture PLC (ACN) is Attracting Investor Attention: Here is What You Should Know&nbsp;&nbsp;Yahoo Finance,Google News,https://news.google.com/rss/articles/CBMiiwFBVV95cUxPelVEMzRHbGlHaXg3QUVYT29FejhtMzNEd3luS0QtVEVGcW43UWJZd2VZeUZVM25EX0pEUUxINHQ4aXFYSG1TNVJNZnhfZ005OVlpaVVJb1liN1JmMTNVNkdERzhaS2FJLWtmNmtRdGJQeUU5ODhSRWN0UzE0dmVUSnprSmxWU1lweHNF?oc=5,ACN,,ACN stock news,107,14,2026-01-18 18:10:41.105671,positive,0.4767,0.4767,0.4767,positive,0.0,neutral,2026-01-14
2026-01-14 12:45:18,Broadcom (NASDAQ: AVGO) Stock Price Prediction and Forecast 2026-2030 (Jan 2026) - 24/7 Wall St.,Broadcom (NASDAQ: AVGO) Stock Price Prediction and Forecast 2026-2030 (Jan 2026)&nbsp;&nbsp;24/7 Wall St.,Google News,https://news.google.com/rss/articles/CBMingFBVV95cUxNZEF2R2VfRmVUSG9QMmh0czhqYlpKb1VjWnE1Smc3c09HcDloLUYxUXlhVzFWYXYxUVEyYXNxLXFZRDJ1M1haVGdMakFRQ3NKZE02WUk5UDluMV9EenZGb184QklZRHhDWllsM3dsZFROS2tsdUR3cWVsT1NnbUF6T3dJdVFpZVJfenRfOUl0QTdQLU9RdUpWVVM2MmlJdw?oc=5,AVGO,,AVGO stock news,105,13,2026-01-18 18:10:41.105671,neutral,0.0,0.0,0.0,neutral,0.0,neutral,2026-01-14
2026-01-14 12:30:37,Amazon Stock (NASDAQ: AMZN) Price Prediction and Forecast 2026-2030 for January 14 - 24/7 Wall St.,Amazon Stock (NASDAQ: AMZN) Price Prediction and Forecast 2026-2030 for January 14&nbsp;&nbsp;24/7 Wall St.,Google News,https://news.google.com/rss/articles/CBMilgFBVV95cUxNQ3MwcC1WVkc1bENwcS1obkZ2dGRLUnhPUkpkTHRoZlA1eWpkeXBUb09Jb3Jha2ZuOExBUEtPSGxfOGhNSVVWOTZfcDZwZ0ctSGY1QzdtVzJSeWZneUgzQ0dOV1J4S0ZzakhqVWM3OUxIazVPU1I3UDlQdXZROU9tQmIwM2pPRlVjR1N5TUROa0lRamF3UlE?oc=5,AMZN,,AMZN stock news,107,14,2026-01-18 18:10:41.105671,positive,0.1779,0.1779,0.1779,positive,0.0,neutral,2026-01-14
2026-01-14 11:15:01,"Bank of America tops estimates on better-than-expected net interest income, equities trading - CNBC","Bank of America tops estimates on better-than-expected net interest income, equities trading&nbsp;&nbsp;CNBC",Google News,https://news.google.com/rss/articles/CBMifkFVX3lxTE5KSFFjNUtvRV9CM0l4QWlhLUhIMW8wRlg5TEVVOWlmaERHaUF1a2xOaGJYby1hem9aTk1uTEwwN1E5Z1d3M0hhQ1dpOHR1RzI3VWMxLVhQdEdMai1uSkh2TkxrYXAwa3EyVlU2MlB2emI4YkRuWkoxd1dOdGo0d9IBgwFBVV95cUxNckZ4aWxaaC02V1FIelBKa2FkVDBUUnlPckx3MFhvODd5bFAtc05EVWRXSTU3UTNza3M3djdscWJrYlhlVG4yaXBkQVJXaFN5S1dSSFkyVENCY2JSNGlSeEhWUzFQS09ZeWR4a1Y4SFQzajNaU2Y4eVRqZ3ZrY0tyeV95WQ?oc=5,BAC,,BAC stock news,108,12,2026-01-18 18:10:41.105671,positive,0.743,0.743,0.743,positive,0.0,neutral,2026-01-14
2026-01-14 08:02:00,"This Unstoppable Stock Has 4 Catalysts to Fuel Its Membership in the $5 Trillion Club in 2026, According to 1 Wall Street Analyst. - The Motley Fool","This Unstoppable Stock Has 4 Catalysts to Fuel Its Membership in the $5 Trillion Club in 2026, According to 1 Wall Street Analyst.&nbsp;&nbsp;The Motley Fool",Google News,https://news.google.com/rss/articles/CBMimAFBVV95cUxPUjdkT2laVks2S2RVMmdBNy1jQWR0Z0F0dlJHSjFSdFp0TXk2dVozYjZpZDhPWEdXVlpvMVNMRVZSb3F3MnU3ci1CaGcxRWktbnRGR0tGeGFkcFEzMm90QkdPMWhRWVp1bUx2LWw1OWk0QjFWMU9uYzM3NVd2WldDSkJObmotd0JGdEdBSVdvblFBcXZGNTJRbQ?oc=5,AAPL,,AAPL stock news,157,25,2026-01-18 18:10:41.105671,negative,0.5719,-0.5719,-0.5719,negative,0.6,positive,2026-01-14
2026-01-13 22:10:08,AI Could Spell Trouble for Software. These Experts Say to Avoid One Stock In Particular - Investopedia,AI Could Spell Trouble for Software. These Experts Say to Avoid One Stock In Particular&nbsp;&nbsp;Investopedia,Google News,https://news.google.com/rss/articles/CBMiyAFBVV95cUxPSUFXVGp3c2VaSUxXV211UE5LdnBHUDRRNEZhazh4TFBOUWNUdTkyenRndWxReFNkMmVNTHBFcWNXQ21EcjhndGpUbW82WkRadXBEWlMxYjFPUlRLc0d6Rkg1c25Oc3pJelpneDREeFhtS1dWZHhjTGFKV0p3MmlkdXBTcDVJWnRLVjBFUFc2eWRRQWlHMmx0MGFfZXV3dml5MWFDamhJWVZyN1ZZdXJuYUZmMGhFcjBPRTl6YlgwZG9jZk5McW42OQ?oc=5,ADBE,,ADBE stock news,111,15,2026-01-18 18:10:41.105671,negative,0.5994,-0.5994,-0.5994,negative,-0.2,negative,2026-01-13
2026-01-13 19:03:00,Fund Update: New $26.2M $AVB stock position opened by FORT WASHINGTON INVESTMENT ADVISORS INC |OH| - Quiver Quantitative,Fund Update: New $26.2M $AVB stock position opened by FORT WASHINGTON INVESTMENT ADVISORS INC |OH|&nbsp;&nbsp;Quiver Quantitative,Google News,https://news.google.com/rss/articles/CBMi2AFBVV95cUxQUW1vWkVtRm1FX3BiMEg0V09YNjJyRkkxZkR2dmFGLTVQS1lfN1EwamtySjl1MzNoaVVyLWhVcTlTT1VBNUl5Y3hxaDYtVzAya0VKaENwZ1lMRWptTUVVLWlPRmtQUHB2NFFvTzlRMnJnTWdHUEM5eUs3T1NRREFraFJ2UVhUdXNfeUt2eDE1S1FzN0tkd2Z6RTc3WXVpZVlHaHdWWVJBVjdNWTh5eDNrR1kyZmhmbTJxb1JPVC1aRUJWZmljUXRQZGRQeW9hbG90b0tiZ2xBOXQ?oc=5,AVB,,AVB stock news,129,16,2026-01-18 18:10:41.105671,neutral,0.0,0.0,0.0,neutral,0.13636363636363635,positive,2026-01-13
2026-01-13 16:20:04,Adobe Stock Drops as The Most Pessimistic Analyst Forecast Since 2013 Hits ADBE Shares - TipRanks,Adobe Stock Drops as The Most Pessimistic Analyst Forecast Since 2013 Hits ADBE Shares&nbsp;&nbsp;TipRanks,Google News,https://news.google.com/rss/articles/CBMitwFBVV95cUxQN052RzBlbzBSRm5GZEZsSzhOWFZWRWc0V2RQc191ZVNNNkRTS3ZOVFBkS2VqZ3dfQ05vSjhFNFR5QjhvTEZWcXFYT2ppTy1fX3RDTUpTZ0diN3hLSTFELXd6YW5vbG1ab3BZYW0yTmktbnltb2p3VXZRa3d4NVVyeXZvcjJpRkJZdlBEcWo5NzlDS2VUUzZIa0dUb3RsU0d4aC00QTJ6MUJxa3NkWU1rN2IyMTNjT0k?oc=5,ADBE,,ADBE stock news,106,14,2026-01-18 18:10:41.105671,negative,0.4201,-0.4201,-0.4201,negative,0.5,positive,2026-01-13
2026-01-09 08:00:00,Boeing stock forecast 2026: Here’s why BA shares will soar - TradingView — Track All Markets,Boeing stock forecast 2026: Here’s why BA shares will soar&nbsp;&nbsp;TradingView — Track All Markets,Google News,https://news.google.com/rss/articles/CBMitAFBVV95cUxNTHpvUkNkcjcwWnJEVjB0bXVLLTJLSGp6OHp0TnpjdnpLZTV1NFd5X2FzT1FZYlI0MDRFNXlRNmdzOHRiMEZPOXlEU29aX3ZXTnBWMG5NYWU5dTcxNnBRZGhMTVJ2RjBNZDlSOVltc3o3Vm1SMlAyODFXcWQ1R2pYN2VRdEFYZHAxY1ZNd254ME84V2lWYjRtdjF6c2lNWkd2dVV4RlEyZGN5UDFNaXdZNGRFN0k?oc=5,BA,,BA stock news,101,14,2026-01-18 18:10:41.105671,positive,0.296,0.296,0.296,positive,0.0,neutral,2026-01-09
2026-01-08 08:00:00,"Markets News, Dec. 8, 2025: Major Stock Indexes Close Mixed; Dow Advances; Data-Storage Shares Drag Nasdaq - Investopedia","Markets News, Dec. 8, 2025: Major Stock Indexes Close Mixed; Dow Advances; Data-Storage Shares Drag Nasdaq&nbsp;&nbsp;Investopedia",Google News,https://news.google.com/rss/articles/CBMib0FVX3lxTE1ONEhoNHJSa3lxQ0tMaXV4eXhvT2dCN2NIVVZRUDM0T0FYRXVCUjFuUElsdFE4am5DaWpxQnduN3BkQlUtYWtGa3NtSkYwTHJhWmtxeEdDZ3A1Q3pxc1RIVUVrZXJWY1dmNFQwdVNOaw?oc=5,APA,,APA stock news,130,16,2026-01-18 18:10:41.105671,positive,0.0772,0.0772,0.0772,positive,-0.012500000000000002,neutral,2026-01-08
2026-01-07 21:37:00,Boeing '26 Gets Strong Start As Airline Posts Largest Order Ever - Investor's Business Daily,Boeing '26 Gets Strong Start As Airline Posts Largest Order Ever&nbsp;&nbsp;Investor's Business Daily,Google News,https://news.google.com/rss/articles/CBMiogFBVV95cUxNZTRxODVPYm8wOG9uVFNQTHJldTk0cjE0Wkg0VUdFeXN6NzViTTQ5aVIxQ3MtZWFic2FiQWVKZGxIcjZfZWdZRVFSOS1pYjBsSkhoTk8tNFN0NDJQekVTMkNTRGJLNmRvUnZFVXFXSVh0X1p6Vm0tcHBPWFlZV2oyZ3ctN0dHLUdKQXBZY1Mzd3lzN0ZoWk10bml2TUM2dmgyOWc?oc=5,BA,,BA stock news,101,13,2026-01-18 18:10:41.105671,positive,0.5106,0.5106,0.5106,positive,0.21666666666666667,positive,2026-01-07
2025-12-31 08:00:00,Here is What to Know Beyond Why Abbott Laboratories (ABT) is a Trending Stock - Yahoo Finance,Here is What to Know Beyond Why Abbott Laboratories (ABT) is a Trending Stock&nbsp;&nbsp;Yahoo Finance,Google News,https://news.google.com/rss/articles/CBMiiAFBVV95cUxORUwzODRyM2dzaUJqNHVpRWxXR1oyd2pVcEhHOGFPVlB4czRLQm1qeGZhdnJtUVVSX25acERTWU5iaXpjUzA4UVF6SEFla3pabWlfTGl0S29nYzNqa1g5Z3dySVZnTkt3Rm8xWFpKWHM5N1dLc2tGY1JSX2g0RW5VRTRzRG9URjdx?oc=5,ABT,,ABT stock news,102,15,2026-01-18 18:10:41.105671,neutral,0.0,0.0,0.0,neutral,0.0,neutral,2025-12-31
2025-12-27 08:00:00,Is Weakness In Abbott Laboratories (NYSE:ABT) Stock A Sign That The Market Could be Wrong Given Its Strong Financial Prospects? - Yahoo Finance,Is Weakness In Abbott Laboratories (NYSE:ABT) Stock A Sign That The Market Could be Wrong Given Its Strong Financial Prospects?&nbsp;&nbsp;Yahoo Finance,Google News,https://news.google.com/rss/articles/CBMiiwFBVV95cUxOSEE1MThkcHRSR1luWnZPMzc3V0lUMlhwa1QyZUNPelgyOGJhSGZSdVJwSFdHek8wS2NKM2F2S0ZfVWlFbklEWXRTbUdPYjQ2N01XSWRhU2tCcm9wREhfbWJHNnNOQnZtaUZqQjlTWVdQRGtCbEJna3M3M0hxY1BQSjBEN21VMUstSGcw?oc=5,ABT,,ABT stock news,152,21,2026-01-18 18:10:41.105671,negative,0.3818,-0.3818,-0.3818,negative,-0.022222222222222216,neutral,2025-12-27
2025-12-27 08:00:00,American Electric Power Stock (AEP) Opinions on Recent Performance and Growth Plans - Quiver Quantitative,American Electric Power Stock (AEP) Opinions on Recent Performance and Growth Plans&nbsp;&nbsp;Quiver Quantitative,Google News,https://news.google.com/rss/articles/CBMivAFBVV95cUxNVW5LYm80ZUF3TWt3NEZjT3pXaEZYX3ZuRlNwN29nNzBVR3QzM2d5U2JPN2U5WUhyQXFyM040MVBrLXdHZzBqUHdraGRfTlBxNm9qSEwtZ0NBdFdLWHVDRlpuem5DLUppcUlNMUlsTnZlckFWWU5iTHdIMFBoMWpsa2dfVXY4Qy1ndUltcVEzVXlQb28zZ3hQMXBxaVkzeXBydkp2RG5YWEdiVTIyVE84N0dTalVVdkdEOEJVMQ?oc=5,AEP,,AEP stock news,114,13,2026-01-18 18:10:41.105671,positive,0.3818,0.3818,0.3818,positive,0.0,neutral,2025-12-27
2025-12-11 08:00:00,AvalonBay Communities (AVB): Valuation Check After $340 Million Asset Sales and New Investor Presentation - Yahoo Finance,AvalonBay Communities (AVB): Valuation Check After $340 Million Asset Sales and New Investor Presentation&nbsp;&nbsp;Yahoo Finance,Google News,https://news.google.com/rss/articles/CBMikAFBVV95cUxQNlFfMFZRa08xSWFiRWM2SmgyZFF0dm5lM1VmVldUR09BQ1ZkRlVQMmxid2tyV1lMWlFDdzMtRmdUSW9iM1BmTWMyaG1UMzBZN0xvVGk3cms0VWpvS1FHTmRHejhTbEwxNWRqd3JOYkc2M0tzYlRmbWZqektOc0tQZDV1UkZEVnRHemwyLWVXMVY?oc=5,AVB,,AVB stock news,130,15,2026-01-18 18:10:41.105671,positive,0.3612,0.3612,0.3612,positive,0.13636363636363635,positive,2025-12-11
2025-12-06 08:00:00,APA Corporation's (NASDAQ:APA) Share Price Boosted 25% But Its Business Prospects Need A Lift Too - simplywall.st,APA Corporation's (NASDAQ:APA) Share Price Boosted 25% But Its Business Prospects Need A Lift Too&nbsp;&nbsp;simplywall.st,Google News,https://news.google.com/rss/articles/CBMiuwFBVV95cUxPMVlFMjNiZHFJc29MVU53dGJZWVVYS3FLQlRpN2dvMUhsbmxmaVNJQVQ5U0lSdFdJd1RieXp4X09xNTlyVWRsVkRFS0RaWVJnM095dmpBX3RtNXpMZVUtLW85aHk2UDJXdF96cC05TWVaNV83NVA2M29ENHNnemdPMVpsalF6Wm5VTGRleF8zc2tTZlo0eS1ISENQcG4waHZXUU81YWxQckZCUGRWb3dyd3VRSngzYnNZTVpV0gHAAUFVX3lxTE1xcDhjVzhEc2J6SFR0bXpHQ19JNXdpRkJUcVNfZFVkSGhyQkhiM3NBUE1PR2JNREZ1emIzdnoyNTI1SmM4Sk1lY0Z1NDA3WW1QeTFZNEt4QjZieE10Mm0xMnI3RFh4LTNRclVYR3pLc2lDdnNDNDZoV0NOSmE1R0lDYXRmVHk0dGFKUi1NSnBJLWZjSFdFLThxaURwU1NFNFd5VmVMTW5uTjZ6SUVKX3l0Zl9fNkFpaWRwMUpCYTVGRQ?oc=5,APA,,APA stock news,122,15,2026-01-18 18:10:41.105671,positive,0.631,0.631,0.631,positive,0.0,neutral,2025-12-06
2025-12-04 08:00:00,"American Tower (NYSE: AMT) sets $1.70 quarterly payout payable February 2, 2026 - Stock Titan","American Tower (NYSE: AMT) sets $1.70 quarterly payout payable February 2, 2026&nbsp;&nbsp;Stock Titan",Google News,https://news.google.com/rss/articles/CBMioAFBVV95cUxQcnFySWZ0bWRBT1lOUXhmS0pKUzEweDA0ZnIyS2R4WV9NYTE2RDdJWTV0UzV2ZFAwZ00wa1JvOXNOUVNuV0sxZzlySDRlZHRhMGltV010dXJ3R19HUGN3Vm1JVHdXYnIyUG1jVlZLUG00SWhqMkpGTkxkdk1aanJWanFZNHZ5WTZyUmJxTXJZeF90X1J3UDdQRXU2eXdldXps?oc=5,AMT,,AMT stock news,102,13,2026-01-18 18:10:41.105671,neutral,0.0,0.0,0.0,neutral,0.0,neutral,2025-12-04
2025-11-19 08:00:00,"AvalonBay Communities (NYSE: AVB) Announces $1.75 Q4 Dividend, Payable Jan. 15 - Stock Titan","AvalonBay Communities (NYSE: AVB) Announces $1.75 Q4 Dividend, Payable Jan. 15&nbsp;&nbsp;Stock Titan",Google News,https://news.google.com/rss/articles/CBMirgFBVV95cUxOUG9aendJYnhkaHJjRF9WN1dsQ2hkMGc5NVZKdUJfUXZvbkl4M0xLallVVTdkaWlrTnBKYW5ub0tweTROT3B2M1FKeW1mSnV6UmRWTy1BSExVRmZ0b3FyS2Y1WUQ1WDgwSHpPeHVQM3NKVnd2VVNPOEdpY2xlN19UeG5kSmJUbnd1RTNfZDh6aVJnNFFOSEJtX2pRbHJmcEdVYlY5RHY1ZXYzZV9lb3c?oc=5,AVB,,AVB stock news,101,12,2026-01-18 18:10:41.105671,neutral,0.0,0.0,0.0,neutral,0.0,neutral,2025-11-19
2025-11-08 08:00:00,Why APA (APA) Is Up 5.2% After Returning to Profitability and Raising Production Guidance - Yahoo Finance,Why APA (APA) Is Up 5.2% After Returning to Profitability and Raising Production Guidance&nbsp;&nbsp;Yahoo Finance,Google News,https://news.google.com/rss/articles/CBMibkFVX3lxTE1VSHhRWXA1OFNyblh6Vlh0aE1iUU8yazFMLV9qZ0w4Q3VPNmlUQWQtbVRyZlVBYnVpeGtQaW45TnYzbE84UWNwTi1VdmhmM3F1Z0VsRVZUSnROang1ZHZUNjIxak1ZQmdwclRDZkNn?oc=5,APA,,APA stock news,114,15,2026-01-18 18:10:41.105671,positive,0.2732,0.2732,0.2732,positive,0.0,neutral,2025-11-08
2025-11-04 08:00:00,Bombardier (TSX:BBD.B): Assessing Current Valuation After Notable Share Price Gains - Yahoo Finance,Bombardier (TSX:BBD.B): Assessing Current Valuation After Notable Share Price Gains&nbsp;&nbsp;Yahoo Finance,Google News,https://news.google.com/rss/articles/CBMiggFBVV95cUxObTJnejVmcXFaZ0VoN09ER01NRmNMQnExMkhvWnkycFRzbXpHZHFZbVRsQXFVaEVvcTdMUTh4SnBGTnhycmJGX1hDbTI2WWp2WFdvc1JHTHU5UFI4M09SeFpUWGxZcUNjMzRiY1RkSWlDV0N0U216cURYLW1qcnNxdXJB?oc=5,BBD,,BBD stock news,108,11,2026-01-18 18:10:41.105671,positive,0.296,0.296,0.296,positive,0.25,positive,2025-11-04
2025-10-28 07:00:00,Astrazeneca (AZN) Stock Declines While Market Improves: Some Information for Investors - Yahoo Finance,Astrazeneca (AZN) Stock Declines While Market Improves: Some Information for Investors&nbsp;&nbsp;Yahoo Finance,Google News,https://news.google.com/rss/articles/CBMiigFBVV95cUxObDhrdUF2MGI4d2FmbWsyNzlqb2cxeGdwMFZYSm12NTlra2VfclA5Sk1jNXhmRlhrdFZ5X3VPMTdzYUk2elpUalZ6czVDMnBseG1KU29rV1pYaHBEV21XQ0N3ejJreTZMTHZQSVQwLUZxM1YwUWstUnd0Z2Y2LUFMU3ozNDlSdy1NSWc?oc=5,AZN,,AZN stock news,111,12,2026-01-18 18:10:41.105671,positive,0.4215,0.4215,0.4215,positive,0.0,neutral,2025-10-28
2025-10-28 07:00:00,Goldman Sachs Upgrades Banco Bradesco (BBD) on Improved Capital Generation and Earnings Momentum - Yahoo Finance,Goldman Sachs Upgrades Banco Bradesco (BBD) on Improved Capital Generation and Earnings Momentum&nbsp;&nbsp;Yahoo Finance,Google News,https://news.google.com/rss/articles/CBMiiwFBVV95cUxORHVBZmU3QlBvNFRld0oyZDNGUGdUbmJfNjRYbFgwY3JJOVFJQlhWb2xWTVVPbzdkcjB4TmttWWh6VzdtVlViMnZBMS1Sa1hlZ2xUUVhvUEpZT2dQdmZ5S3RoLXpkZkdPNjlzWVh6MXdTVUNPR0E2enpESkw0clZ1OGZndndDVUVCbTg4?oc=5,BBD,,BBD stock news,121,14,2026-01-18 18:10:41.105671,positive,0.4767,0.4767,0.4767,positive,0.0,neutral,2025-10-28
2025-10-02 07:00:00,AstraZeneca Stock Is Up 10% on Tariff News. But Is the Pharmaceutical Giant a Buy? - The Motley Fool,AstraZeneca Stock Is Up 10% on Tariff News. But Is the Pharmaceutical Giant a Buy?&nbsp;&nbsp;The Motley Fool,Google News,https://news.google.com/rss/articles/CBMimAFBVV95cUxNTmJJeUtETGJueEV2VHllaWkwUEQ5TDJCYWY5aW14TC1fVFBWV3FlWVR3TVZDZS0wa3JVb282NWNFUDJZWjRvZVZsNTJnWi04VHEtOXBuZnpZanlQOWRiQUE4Zmc0cWdTalBmUU1nOUg1MFpGMzFnckU1czBCWENSaFVSOHp0X2FfMTJpM3g0dE84RE5EUHFqeA?oc=5,AZN,,AZN stock news,109,17,2026-01-18 18:10:41.105671,negative,0.5927,-0.5927,-0.5927,negative,0.3,positive,2025-10-02
2025-09-26 07:00:00,AstraZeneca (AZN) Stock Target Raised as Goldman Sachs Sees $3.7 Billion Drug Potential - Yahoo Finance,AstraZeneca (AZN) Stock Target Raised as Goldman Sachs Sees $3.7 Billion Drug Potential&nbsp;&nbsp;Yahoo Finance,Google News,https://news.google.com/rss/articles/CBMiiAFBVV95cUxQektsQ3pjckVhQ2poUzk5X1Q3WEhWZVJ3SWYwR2JDS3lpblh5LUcwbkhIRTNNVG5qcUJhRjc3MTdXN080RGlVaHU4WEdMeVp1dlBUMDRHR2pfd054SUxVaVJQV2hVclQ4TU5SV0QyMllEaDhVMEV0ZmhyMlUyMklEODRMaEJKOUUz?oc=5,AZN,,AZN stock news,112,14,2026-01-18 18:10:41.105671,neutral,0.0,0.0,0.0,neutral,0.0,neutral,2025-09-26
